Diario del sonno — Digital Twin;;;;;;;;;
SOGGETTO 1 · compilare ogni mattina · orari in ora locale;;;;;;;;;
;;;;;;;;;
Data notte;Ora letto;Ora sveglia;Voto sonno (1-5);Condizione;Ora inizio attuazione;Risvegli percepiti;Min. per addormentarti;Fattori;Note
2026-09-05;01:10;08:20;4;baseline;;5;20;;
2026-09-06;01:19;08:32;3;baseline;;10;7;;
2026-09-07;01:59;08:31;3;baseline;;10;15;;
2026-09-08;00:48;08:16;4;baseline;;5;5;;
2026-09-09;04:32;10:04;3;baseline;;3;5;;
2026-09-10;01:23;09:44;3;controllo;;8;5;;
2026-09-11;00:39;06:47;4;attiva;00:27;4;15;;
2026-09-12;03:06;10:06;3;controllo;;6;10;;
2026-09-13;01:23;08:45;3;attiva;01:11;6;8;;
2026-09-14;01:11;07:24;4;attiva;00:59;3;5;;
2026-09-15;01:00;08:29;4;controllo;;5;7;;
2026-09-16;00:45;08:24;4;attiva;00:33;6;3;;
2026-09-17;01:24;07:42;4;controllo;;5;8;;
2026-09-18;01:10;07:44;4;controllo;;4;12;;
2026-09-20;01:23;09:17;4;attiva;01:11;3;4;;
2026-09-21;02:09;07:43;4;controllo;;4;10;;
2026-09-22;01:32;07:48;3;attiva;01:20;5;4;;
2026-09-23;01:31;07:41;4;controllo;;6;10;;
2026-09-24;01:29;07:47;5;attiva;01:17;2;5;;
2026-09-25;01:58;07:41;5;attiva;01:46;2;2;;
2026-09-26;01:48;07:44;4;controllo;;10;4;;
2026-09-27;02:04;07:02;3;controllo;;5;10;;
2026-09-28;01:57;08:20;4;attiva;01:45;3;2;;
2026-09-29;01:40;08:29;3;controllo;;6;12;;
2026-09-30;02:17;08:34;4;attiva;02:05;4;8;;
